method,size,nb_proc,time
sequential,100000000,1,8.143073
omp,100000000,2,3.938961
omp,100000000,4,2.028142
omp,100000000,6,1.468814
omp,100000000,8,1.272036
