method,size,nb_proc,time
sequential,10000,1,0.000128
omp,10000,2,0.000309
omp,10000,4,0.000645
omp,10000,6,0.000190
omp,10000,8,0.000246
