method,size,nb_proc,time
sequential,100000000,1,1.239445
omp,100000000,2,0.747363
omp,100000000,4,0.382766
omp,100000000,6,0.277151
omp,100000000,8,0.290122
